Threads,Iteration,Actual,Reported
14,0,45.535919427871704,44
14,1,47.700687646865845,47
14,2,48.084160566329956,46
