Threads,Iteration,Actual,Reported
10,0,32.56567168235779,31
10,1,32.56857180595398,31
10,2,34.719406843185425,33
