Threads,Iteration,Actual,Reported
3,0,10.969362497329712,9.9
3,1,10.963600397109985,10
3,2,10.976701259613037,10
