Threads,Iteration,Actual,Reported
11,0,35.53545928001404,35
11,1,36.894532918930054,35
11,2,36.88258934020996,35
