Threads,Iteration,Actual,Reported
1,0,10.971185207366943,8.7
1,1,9.299649715423584,8.6
1,2,10.965567350387573,8.7
