Threads,Iteration,Actual,Reported
5,0,17.459469079971313,16
5,1,17.826801300048828,16
5,2,17.446526288986206,15
