Threads,Iteration,Actual,Reported
4,0,15.293689489364624,15
4,1,15.294827699661255,14
4,2,15.300413370132446,15
