Threads,Iteration,Actual,Reported
28,0,43.40029692649841,42
28,0,43.40248703956604,42
