Threads,Iteration,Actual,Reported
7,0,21.785354375839233,22
7,1,23.92795419692993,22
7,2,23.936747789382935,22
