Threads,Iteration,Actual,Reported
13,0,41.67052602767944,41
13,1,43.38096284866333,42
13,2,43.36307644844055,42
