Threads,Iteration,Actual,Reported
8,0,26.088433504104614,25
8,1,26.089734077453613,26
8,2,26.450620412826538,25
