Threads,Iteration,Actual,Reported
12,0,39.052356481552124,38
12,1,39.05897307395935,38
12,2,39.071311950683594,38
