Threads,Iteration,Actual,Reported
6,0,21.76976752281189,19
6,1,19.609018087387085,19
6,2,19.61113142967224,19
