Threads,Iteration,Actual,Reported
9,0,28.243175506591797,28
9,1,28.253371477127075,28
9,2,28.245954513549805,28
