Threads,Iteration,Actual,Reported
2,0,10.970632076263428,9.2
2,1,10.963326215744019,9.2
2,2,10.970709800720215,9.4
